Diseases,Description,Symptoms,Causes,Prevention,Treatment,Illness_Type
Malaria,A mosquito-borne infectious disease caused by Plasmodium parasites.,"Fever, headache, chills, vomiting, fatigue",Plasmodium parasites transmitted through the bites of infected female Anopheles Mosquitoes,"Insecticide-treated bed nets, indoor residual spraying, antimalarial drugs",Antimalarial drugs (e.g. Artemisinin-based combination therapy),Infection
Typhoid Fever,A bacterial infection spread through contaminated food or water.,"Prolonged fever, fatigue, headache, nausea, abdominal pain, constipation or diarrhea",Infection by Salmonella Typhi bacteria through contaminated food or water,"Vaccination, safe drinking water, proper sanitation, good hygiene practices","Antibiotics(e.g., ciprofloxacin, azithromycin), hydration theraphy",Infection
Common Cold(Rhinovirus),"A viral infection affecting the upper respiratory tract, commonly known as a cold.","Runny nose, sore throat, coughing, sneezing, headaches, body aches","Rhinoviruses(most common cause), other respiratory viruses","Wash hands often, avoid close contact with sick individuals","Rest, hydration, over-the-counter medications(pain relievers, decongestants, cough syrups)",Respiratory
Influenza(Flu),"A viral respiratory illness, also known as the flu.","Fever, cough, sore throat, muscle pain, headache, fatigue, sometimes vomiting and diarrhea",Influenza viruses(primarily type A and B),"Annual vaccination, hand hygiene, avoiding close contact with infected individuals","Rest, hydration, antiviral drugs(e.g., oseltamivir), over-the-counter symptom relief medications",Respiratory
Acute Bronchitis,"Inflammation of the bronchial tubes, often due to infection.","Cough(often with mucus), wheezing, shortness of breath, chest discomfort","Usually caused by viral infections(e.g., cold viruses), sometimes by bacteria","Good hygiene practices, avoiding tobacco smoke, staying away from sick individuals","Rest, hydration, over-the-counter medication for cough and pain",Respiratory
Chronic Bronchitis,"Long-term inflammation of the bronchi, often linked to smoking.","Persistent cough with mucus, wheezing, shortness of breath","Long-term exposure to irritants(e.g., tobacco smoke, air pollution)","Avoiding tobacco smoke, reducing exposure to pollutants, vaccination against respiratory infections","Bronchodilators, steriods, pulmonary rehabilitation, oxygen therapy in severe cases",Respiratory
Sinusitis,"Inflammation of the sinuses, often causing congestion and pain.","Facial pain/pressure, nasal congestion, runny nose, loss of smell, cough, sore throat","Viral infections(like cold or flu), bacterial infections, allergies, nasal polyps","Avoid colds, manage allergies, stay hydrated, use a humidifier, good nasal hygiene","Nasal sprays, decongestants, saline rinses, antibiotics( for bacterial sinusitis), antihistamines",Respiratory/Allergies
Pharyngitis(Sore Throat),"Inflammation of the throat, often resulting in pain and discomfort.","Sore throat, pain when swallowing, swollen tonsils, hoarseness, fever, cough","Viral infections(common cold, flu), bacterial infections(strep throat), allergies, dry air","Good hand hygiene, avoiding contact with sick individuals, staying hydrated, using humidifiers","(Viral pharyngitis is typically treated symptomatically without antibiotics); pain relivers(e.g., ibuprofen, acetaminophen), throat lozenges, antibiotics(for bacterial infection), rest",Respiratory/Infection
Laryngitis,"Inflammation of the larynx, typically causing hoarseness.","Hoarseness, loss of voice, sore throat, dry cough, throat irritation, difficulty speaking","Viral infections(common cold, flu), overuse of voice, bacterial infections, smoking, allergies","Avoid excessive use of voice, stay hydrated, avoid smoking, manage allergies, good hand hygiene","Resting the voice, stay hydrated, humidifiers, pain relievers, antibiotics(if bacterial), corticosteriods(in severe cases)",Respiratory
Gastroenteritis(Stomach Flu),An intestinal infection causing diarrhea and stomach cramps.,"Watery diarrhea, abdominal cramps, nausea, vomiting, low-grade fever, muscle aches","Viral Infections(Norovirus, Rotavirus, Astrovirus, Adenovirus), contaminated food or water","Good hand hygiene, drinking clean water, proper food preparation, avoiding contaminated food","Rehydration(oral rehydration salts, IV fluids if severe), anti-nausea medications, metronidazole(for bacterial cases), loperamide(for diarrhea control)",Gastrointestinal
Tonsilitis,Infection or inflammation of the tonsils.,"Sore throat, difficulty swallowing, swollen tonsils, fever, bad breath, swollen lymph nodes",Viral or bacterial infections (commonly Group A Streptococcus),"Good hygiene, avoiding contact with infected individuals, hand washing","Rest, fluids, pain relievers (ibuprofen or acetaminophen), antibiotics (e.g., amoxicillin for bacterial tonsillitis)",Infection 
Food Poisining,"An illness caused by ingesting contaminated food, leading to gastrointestinal distress.","Nausea, vomiting, diarrhea, abdominal cramps, fever, weakness, dehydration","Contaminated food or water (bacteria, viruses, parasites, toxins)","Proper food handling, cooking food to the correct temperature, hand washing, avoiding raw/contaminated food","Rest, hydration, oral rehydration solutions, IV fluids (in severe cases), antibiotics (for bacterial infections), anti-diarrheal medications (for some cases)",Infection 
Irritable Bowel Syndrome,"A chronic condition that affects the large intestine, causing pain and irregular bowel movements.","Abdominal pain, cramping, bloating, gas, diarrhea or constipation, changes in bowel habits","Unknown, but can be related to abnormal muscle contractions in the intestines, nervous system dysfunction, inflammation in the intestines, severe infection, stress","Manage stress, avoid trigger foods, eat high-fiber foods, regular exercise, probiotics, small meals","Dietary changes, stress management, fiber supplements, laxatives (for constipation), anti-diarrheal medications, antispasmodic medications, antidepressants",Gastrointestinal 
Lactose Intolerance,"An inability to digest lactose, a sugar found in milk and dairy products.","Diarrhea, nausea, abdominal cramps, bloating, gas after consuming dairy products","Lack of lactase enzyme in the small intestine, leading to difficulty digesting lactose (sugar in milk and dairy products)","Avoid or limit dairy products, use lactose-free dairy products, take lactase enzyme supplements","Dietary adjustments (lactose-free or low-lactose foods), lactase enzyme supplements, calcium and vitamin D supplements",Gastrointestinal 
Constipation,"Difficulty in passing stools, often due to a lack of fiber in the diet.","Infrequent bowel movements (less than three times a week), difficulty passing stools, hard or dry stools, abdominal discomfort, bloating","Lack of fiber in the diet, dehydration, lack of physical activity, certain medications, ignoring the urge to pass stool, changes in routine, stress","Eat a high-fiber diet (fruits, vegetables, whole grains), drink plenty of water, exercise regularly, establish a regular bathroom routine","Increased dietary fiber, stool softeners, laxatives (e.g., lactulose), increased water intake, regular exercise",Gastrointestinal 
Diarrhea,"Frequent, loose, or watery stools, usually due to infection or irritation.","Loose, watery stools, frequent bowel movements, abdominal cramps, bloating, nausea, urgency to have a bowel movement, dehydration","Viral infections (e.g., rotavirus, norovirus), bacterial infections (e.g., E. coli, salmonella), contaminated water or food, medications (e.g., antibiotics), intestinal diseases (IBS, IBD)","Safe drinking water, good sanitation, proper hygiene (handwashing), vaccination (e.g., rotavirus vaccine), food safety practices","Oral rehydration solution (ORS), zinc supplements, antidiarrheal medications (e.g., loperamide), increased fluid intake, continued feeding for children",Infection/Gastrointestinal 
Acid Reflux,A digestive disorder where stomach acid flows back into the esophagus.,"Heartburn, regurgitation of food or sour liquid, difficulty swallowing, chest pain, sensation of lump in throat, chronic cough, sore throat, hoarseness","Weakening of the lower esophageal sphincter (LES), obesity, pregnancy, smoking, certain foods and drinks (spicy, fatty foods, alcohol, coffee), certain medications","Maintain healthy weight, avoid trigger foods, stop smoking, eat smaller meals, avoid lying down after eating, raise the head of the bed","Lifestyle changes (diet modification, weight loss), antacids, H2 blockers (e.g., famotidine), proton pump inhibitors (PPIs, e.g., omeprazole)",Gastrointestinal 
Peptic Ulcers,Sores that develop on the lining of the stomach or small intestine.,"Burning stomach pain, bloating, intolerance to fatty foods, heartburn, nausea, vomiting, weight loss, dark or black stools, vomiting blood","Helicobacter pylori infection, prolonged use of NSAIDs (e.g., aspirin, ibuprofen), smoking, excessive alcohol, stress, spicy foods","Avoid long-term use of NSAIDs, quit smoking, limit alcohol, manage stress, eat a healthy diet","Proton pump inhibitors (e.g., omeprazole), antibiotics for H. pylori (clarithromycin, amoxicillin), antacids, lifestyle changes (diet modification, quitting smoking)",Gastrointestinal 
Hemorrhoids,"Swollen veins in the rectum or anus, causing pain and bleeding.","Pain or discomfort during bowel movements, itching or irritation in the anal region, swelling around the anus, bleeding during bowel movements, protrusion of tissue","Straining during bowel movements, chronic constipation or diarrhea, sitting for long periods, obesity, pregnancy, anal intercourse, age-related tissue weakening","High-fiber diet, staying hydrated, regular exercise, avoiding prolonged sitting, practicing good bowel habits","Over-the-counter creams (e.g., hydrocortisone), topical analgesics, sitz baths, fiber supplements, in severe cases, surgical options such as hemorrhoidectomy or banding",Gastrointestinal 
Dermatitis(Eczema),"A chronic skin condition causing itchy, inflamed skin.","Red, inflamed skin, itching, dryness, cracking, scaling, thickened skin, blisters","Allergens (e.g., pollen, pet dander), irritants (e.g., soaps, detergents), genetic factors, stress, certain medical conditions","Avoid known triggers, use mild soaps, moisturize regularly, wear protective clothing, practice stress management","Topical corticosteroids, antihistamines for itching, moisturizers, calcineurin inhibitors, phototherapy in severe cases",Dermatological 
Psoriasis,"A skin disease causing red, scaly patches on the skin.","Red patches of skin covered with thick, silvery scales, dry and cracked skin that may bleed, itching and burning sensations, thickened or pitted nails, swollen joints","Genetic factors, immune system dysfunction, environmental triggers (stress, infections, skin injuries), and certain medications","Avoid known triggers, maintain a healthy lifestyle, manage stress, use moisturizers regularly","Topical treatments (corticosteroids, vitamin D analogs), phototherapy, systemic medications (e.g., methotrexate, biologics) for severe cases",Dermatological
Acne,"A skin condition where hair follicles become clogged, causing pimples.","Pimples, whiteheads, blackheads, cysts, nodules, and red, swollen, or painful skin","Excess oil (sebum) production, clogged hair follicles, bacteria, hormonal changes (e.g., puberty), certain medications, diet, stress","Clean skin regularly, avoid oily skincare products, maintain a healthy diet, manage stress, avoid picking or squeezing pimples","Topical treatments (retinoids, benzoyl peroxide, salicylic acid), antibiotics (oral or topical), hormonal treatments (e.g., birth control), isotretinoin for severe cases",Dermatological 
Fungal Infection,"An infection caused by fungi, often affecting the skin, nails, or lungs.","Skin rashes, itching, redness, scaling, blisters, cracking skin, nail discoloration, respiratory issues, and fatigue (depending on the type of fungal infection)","Exposure to fungi (e.g., Candida, Aspergillus, Cryptococcus), weakened immune system, warm and moist environments, inhalation of spores","Keep skin clean and dry, avoid sharing personal items, wear breathable clothing, maintain good hygiene, avoid contact with infected individuals","Antifungal medications (oral or topical): Fluconazole, Itraconazole, Terbinafine, Amphotericin B (for severe cases); good hygiene and keeping the affected area dry",Fungal Infection 
Cold Sores(Herpes Simplex Virus),Painful blisters around the mouth caused by the herpes simplex virus.,"Tingling, itching, small fluid-filled blisters around the mouth, lips, or nose; pain and discomfort; fever in severe cases","Herpes Simplex Virus (HSV-1, and sometimes HSV-2); usually spread through close personal contact, saliva, or shared objects like utensils","Avoid close contact with infected individuals, avoid sharing personal items (lip balm, utensils), use sunscreen on the lips to prevent flare-ups","Antiviral medications (e.g., Valacyclovir, Acyclovir); topical creams (e.g., Docosanol) to reduce duration and discomfort; stay hydrated, use cold compresses",Viral Infection
Impetigo,A contagious skin infection often seen in children.,"Red sores that quickly rupture, ooze for a few days, and then form a yellowish-brown crust; mostly around the nose and mouth, and sometimes hands and feet",Bacterial infection caused by Staphylococcus aureus or Streptococcus pyogenes; usually spread by contact with an infected person or contaminated objects,"Good hygiene, regular hand washing, keeping wounds clean, and avoiding contact with infected individuals or shared personal items","Antibiotics, typically topical (Mupirocin or Fusidic Acid) for mild cases; oral antibiotics (e.g., Amoxicillin-Clavulanate, Cephalexin) for more severe cases",Bacterial Infection 
Hives(Urticaria),"A skin rash with red, itchy welts, often due to an allergic reaction.","Raised, itchy welts (hives) on the skin; can appear suddenly and vary in size; may cause burning or stinging sensations; can be accompanied by angioedema (swelling)","Allergic reactions, stress, infections, medications, certain foods, and physical factors (temperature, sunlight, pressure)",Identify and avoid known triggers; manage stress; maintain good hygiene,"Antihistamines (e.g., Cetirizine, Loratadine); corticosteroids for severe cases; avoiding known triggers; cold compresses for relief",Allergic Reaction 
Hay Fever,An allergic response causing sneezing and nasal congestion.,"Sneezing, runny or stuffy nose, itchy eyes, mouth or throat, watery eyes, fatigue, cough, and postnasal drip","Allergic reactions to pollen from trees, grasses, and weeds; mold spores; pet dander; dust mites; and certain foods",Avoid known allergens; use air conditioning; keep windows closed during pollen season; use high-efficiency particulate air (HEPA) filters; take preventive medications,"Antihistamines (e.g., Cetirizine, Loratadine); nasal corticosteroids (e.g., Fluticasone); decongestants; allergy shots (immunotherapy)",Allergic Reaction 
Allergic Rhinitis,An allergic condition causing inflammation in the nasal passages.,"Sneezing, runny or stuffy nose, itchy eyes, itchy throat, postnasal drip, fatigue, coughing, and wheezing","Allergens such as pollen, dust mites, mold, pet dander, and certain foods","Avoidance of known allergens, use of air conditioning, keeping windows closed during pollen season, using hypoallergenic bedding, and regular cleaning","Antihistamines (e.g., Cetirizine, Loratadine), nasal corticosteroids (e.g., Fluticasone), decongestants, and allergen immunotherapy (allergy shots)",Allergic Reaction 
Food Allergy,An abnormal immune response to specific foods.,"Hives, itching, swelling of lips or tongue, difficulty breathing, abdominal pain, nausea, vomiting, diarrhea, and anaphylaxis in severe cases","Allergens such as peanuts, tree nuts, fish, shellfish, eggs, milk, soy, and wheat","Avoidance of known allergens, reading food labels, and consultation with an allergist for management and possible desensitization therapy","Antihistamines for mild reactions; epinephrine auto-injectors (e.g., EpiPen) for severe reactions (anaphylaxis)",Allergic Reaction 
Tendinitis,"Inflammation of the tendons, often due to overuse.","Pain, tenderness, and stiffness in the affected tendon, swelling, and limited range of motion in the joint near the tendon","Overuse or repetitive motion, injury, aging, and certain medical conditions (e.g., rheumatoid arthritis)","Stretching and strengthening exercises, proper warm-up before activities, using ergonomic tools, and avoiding repetitive motions","Rest, ice application, over-the-counter pain relievers (e.g., ibuprofen, naproxen), physical therapy, corticosteroid injections, and, in severe cases, surgery",Musculoskeletal Disorder 
Otitis Media(Ear Infection),A middle ear infection common in children.,"Ear pain, difficulty hearing, fluid drainage from the ear, fever, irritability in children, and balance issues","Bacterial or viral infections, allergies, respiratory infections, and blockage of the Eustachian tube","Keeping vaccinations up to date, avoiding secondhand smoke exposure, practicing good hygiene, and managing allergies","Observation, antibiotics for bacterial infections, pain relief with acetaminophen or ibuprofen, warm compresses, and in some cases, surgical intervention (e.g., tympanostomy tubes)",Infection 
Otitis Externa(Swimmer's Ear),An outer ear infection often due to water exposure.,"Ear pain, itching in the ear canal, redness inside the ear, fluid drainage, hearing loss, and swelling","Bacterial infection from water exposure (commonly known as “swimmer’s ear”), excessive moisture in the ear, skin conditions like eczema, or foreign object injury","Keep ears dry, avoid inserting objects in the ear, use earplugs when swimming, and treat skin conditions that affect the ear canal","Topical antibiotics (ear drops), corticosteroids to reduce inflammation, pain relief, and keeping the ear dry",Infection 
Tinnitus,Ringing or other noises in one or both ears not caused by an external sound.,"Ringing, buzzing, hissing, roaring, or clicking sounds in the ears that are not caused by external noise","Exposure to loud noises, ear infections, earwax buildup, age-related hearing loss, ototoxic medications, and underlying conditions such as high blood pressure","Protect ears from loud noises, use ear protection, avoid prolonged exposure to high-volume environments, maintain cardiovascular health, and avoid ototoxic substances","No specific cure; treatments include sound therapy, hearing aids, cognitive behavioral therapy (CBT), and managing underlying conditions (e.g., earwax removal)",Ear and auditory condition
Nosebleeds(Epistaxis),"Bleeding from the nose, often due to dry air or injury.","Bleeding from one or both nostrils, which can range from light to heavy; can be sudden or frequent; may be accompanied by lightheadedness or dizziness in severe cases","Dry air, nose picking, nasal trauma, allergies, upper respiratory infections, blood-thinning medications, hypertension, and bleeding disorders","Use of humidifiers, avoiding nose picking or blowing too hard, keeping nasal passages moist (e.g., with saline sprays), treating underlying conditions (e.g., allergies), and avoiding excessive use of nasal decongestants","Pinching the nostrils and leaning forward, applying cold compresses, and using nasal packing; if persistent, cauterization, nasal tampons, or medical evaluation may be required",Nasal/oral condition
Nasal Polyps,Non-cancerous growths on the lining of the nasal passages or sinuses.,"Persistent nasal congestion, runny nose, reduced or absent sense of smell, postnasal drip, facial pain or pressure, snoring, and in severe cases, difficulty breathing","Chronic inflammation of the nasal passages due to asthma, allergies, chronic sinus infections, or immune system responses; also linked to conditions like aspirin sensitivity and cystic fibrosis","Managing allergies and asthma, avoiding nasal irritants, practicing good nasal hygiene (e.g., using saline sprays), and treating infections and inflammation early","Corticosteroid nasal sprays (e.g., mometasone) to reduce inflammation; oral corticosteroids or surgery (polypectomy) may be required for severe or persistent cases",Nasal/oral condition
Vertigo,"A sensation of spinning or dizziness, often linked to inner ear issues.","Sensation of spinning, dizziness, loss of balance, nausea, vomiting, headaches, abnormal eye movements, and difficulty walking","Inner ear disorders (e.g., benign paroxysmal positional vertigo - BPPV, Meniere’s disease, labyrinthitis), head injuries, migraines, stroke, or vestibular neuritis","Managing underlying conditions (e.g., ear infections, migraines), avoiding sudden head movements, and practicing balance exercises","Medications like meclizine for dizziness, antihistamines, or vestibular rehabilitation therapy (VRT); in severe cases, surgery may be necessary to correct inner ear issues",Neurological and vestibular disorder
Sore Throat,Pain in the throat often caused by infection or irritation.,"Pain or scratchy sensation in the throat, difficulty swallowing, swollen glands in the neck or jaw, hoarse voice, and red or swollen tonsils","Viral infections (e.g., common cold, flu, COVID-19), bacterial infections (e.g., strep throat), allergies, dry air, irritants (smoke, pollution), or gastroesophageal reflux disease (GERD)","Practice good hygiene (handwashing), avoid close contact with sick individuals, stay hydrated, avoid smoking, and use a humidifier in dry environments","Over-the-counter pain relievers (ibuprofen or acetaminophen), throat lozenges, saltwater gargles, staying hydrated; for bacterial infections, antibiotics like amoxicillin may be prescribed",Respiratory/Infection
Conjunctivitis,Inflammation or infection of the outer membrane of the eye.,"Redness in the white of the eye or inner eyelid, increased tear production, itching, irritation, discharge (yellow or green), crusting of the eyelids or lashes, sensitivity to light","Viral infections (e.g., adenovirus), bacterial infections (e.g., Staphylococcus or Streptococcus), allergies (e.g., pollen, dust mites), chemical exposure, or irritants (e.g., smoke, contact lenses)","Practice good hygiene (handwashing, avoiding touching eyes), avoid sharing personal items (towels, eye makeup), change pillowcases regularly, and use protective eyewear in hazardous environments",Viral conjunctivitis usually resolves on its own; bacterial conjunctivitis may require antibiotic eye drops or ointments; allergic conjunctivitis can be treated with antihistamine or anti-inflammatory eye drops,Infection 
Styes,A painful lump on the eyelid caused by a blocked gland.,"Red, swollen lump on the edge of the eyelid (often resembling a pimple), tenderness or pain in the affected area, increased tearing, sensitivity to light, a sensation of something in the eye",Bacterial infection (usually Staphylococcus) in the oil glands at the base of the eyelashes or in the eyelid follicles,"Maintain good eye hygiene (clean eyelids regularly), avoid rubbing eyes with unclean hands, remove makeup before sleeping, replace old makeup, avoid sharing personal items like towels","Warm compress applied to the affected eye for 5-10 minutes several times a day, keeping the eye clean, over-the-counter pain relievers, antibiotic ointments or eye drops for bacterial infection if prescribed, incision and drainage if necessary (performed by a doctor)",Infection 
Dry Eye Syndrome,A condition where the eyes don't produce enough tears.,"Dryness, burning, stinging, redness, blurred vision, light sensitivity","Aging, environmental factors, hormonal changes, medications, autoimmune conditions","Limit screen time, take regular breaks from screens, use a humidifier, avoid smoke or windy environments, wear sunglasses outdoors, stay hydrated","Artificial tears, cyclosporine drops, punctal plugs, warm compresses, eyelid hygiene, omega-3 supplements",Eye disorder
Allergic Conjunctivitis,An allergic reaction causing redness and itching in the eyes.,"Itchy eyes, redness, swelling, watery discharge","Allergens like pollen, dust mites, mold spores, pet dander","Avoid allergens, keep windows closed during high pollen seasons, use air purifiers, wear sunglasses outside","Antihistamines, decongestants, eye drops, steroid eye drops",Eye disorder/allergy
Blepharitis,"Inflammation of the eyelids, often due to an infection or blockage.","Red, swollen eyelids, flaking skin, burning sensation, crusting along the eyelashes","Bacterial infections, clogged oil glands, dandruff, allergies","Proper eyelid hygiene, avoid touching the eyes, use warm compresses","Warm compresses, eyelid scrubs, antibiotics, steroid eye drops",Eye disorder
Chalazion,A cyst in the eyelid caused by a blocked gland.,"Painless lump on the eyelid, redness, swelling","Blocked oil glands, poor eyelid hygiene, chronic blepharitis","Maintain eyelid hygiene, avoid rubbing eyes","Warm compresses, eyelid hygiene, antibiotic ointments if infected, surgical drainage if necessary",Eye disorder
Urinary Tract Infection,"A bacterial infection of the urinary tract, common in women.","Painful urination, frequent urination, cloudy or foul-smelling urine, pelvic pain","Bacterial infections (E. coli), sexual activity, poor hygiene, urinary catheter use","Hydration, proper hygiene, urinate after intercourse, avoid holding in urine","Antibiotics (e.g., trimethoprim, nitrofurantoin), increased fluid intake",Bacterial infection
Yeast Infection(Candidiasis),"A yeast infection in the vagina, often causing itching and discharge.","Itching, irritation, thick white discharge resembling cottage cheese, redness, swelling, pain during intercourse, burning during urination","Overgrowth of Candida yeast, often triggered by antibiotic use, hormonal changes (e.g., pregnancy, menstrual cycle), weakened immune system, diabetes, or certain medications","Avoid wearing tight clothing, use breathable underwear, avoid unnecessary antibiotics, maintain a balanced diet","Over-the-counter antifungal creams (e.g., clotrimazole, miconazole), oral antifungal medication (e.g., fluconazole), maintain hygiene, and follow up with a healthcare provider if symptoms persist",Fungal infection
Bladder Infection(Interstitial Cystitis),"Inflammation of the bladder, causing pelvic pain and discomfort.","Frequent and urgent need to urinate, pain during urination, pelvic pain, discomfort in the bladder, pressure in the bladder, pain during sexual intercourse","The exact cause is often unknown; potential triggers include bladder irritation, infections, autoimmune disorders, or nerve damage; may be linked to certain foods, beverages, or stress","Avoid irritants such as caffeine, alcohol, spicy foods, and artificial sweeteners; practice good hygiene, stay hydrated, and empty the bladder regularly; manage stress and seek treatment for recurrent infections","Antibiotics (e.g., trimethoprim-sulfamethoxazole, fosfomycin), pain relief with NSAIDs",Bacterial infection
Bacterial Vaginosis,"An imbalance of bacteria in the vagina, causing discharge and odor.","Thin, gray or white vaginal discharge, a fishy odor (especially after intercourse), vaginal itching, and burning during urination. Some women may have no symptoms at all.","An imbalance in the normal bacteria found in the vagina, often caused by an overgrowth of certain bacteria, and factors such as multiple sexual partners, douching, and lack of lactobacilli (the good bacteria).","Practice good hygiene, avoid douching, limit the number of sexual partners, use condoms, and maintain a healthy vaginal flora.","Antibiotics (e.g., metronidazole, clindamycin)",Bacterial infection
Headaches(Tension),"Headaches caused by muscle tension in the head, neck, and shoulders.","Dull, aching pain around the forehead or neck, tightness or pressure sensation","Muscle tension in the head, neck, and shoulders, stress, anxiety, fatigue, poor posture, skipping meals, eye strain, and dehydration","Manage stress through relaxation techniques (e.g., yoga, meditation), maintain good posture, stay hydrated, establish regular sleep patterns, and avoid triggers like skipping meals or excessive screen time","Over-the-counter pain relievers (e.g., ibuprofen, acetaminophen), stress reduction techniques",Neurological disorder
Migraine,Severe headaches often accompanied by nausea and sensitivity to light.,"Throbbing pain, sensitivity to light and sound, nausea, visual disturbances (aura)","Genetic factors, stress, hormonal changes, certain foods, sensory stimuli","Avoid known triggers (e.g., certain foods, stress), maintain regular sleep patterns, stay hydrated","NSAIDs (e.g., ibuprofen), triptans, anti-nausea medications, preventive medications (e.g., beta-blockers, anti-seizure drugs)",Neurological disorder
Insomnia(short-term),Temporary difficulty in falling or staying asleep.,"Difficulty falling or staying asleep, waking up too early, daytime fatigue","Stress, jet lag, shift work, caffeine or alcohol consumption, medications","Limit caffeine intake, avoid naps during the day, establish a regular sleep routine, avoid screen time before bed","Sleep aids (e.g., melatonin), cognitive behavioral therapy for insomnia (CBT-I), relaxation techniques",Sleep disorder
Restless Leg Syndrome,A condition causing an uncontrollable urge to move the legs.,"Uncomfortable sensations in the legs (itching, tingling, crawling), urge to move legs, difficulty sleeping","Genetic factors, low iron levels, pregnancy, kidney failure, medications (e.g., antidepressants, antihistamines)","Regular exercise, iron supplements, avoid caffeine and alcohol, establish a sleep routine","Dopamine agonists (e.g., pramipexole), iron supplements, anti-seizure drugs (e.g., gabapentin)",Neurological disorder
Chickenpox,A contagious viral illness causing an itchy rash.,"Itchy red spots or blisters, fever, fatigue, loss of appetite",Varicella-zoster virus,"Vaccination, avoid contact with infected individuals, maintain proper hygiene","Antihistamines for itching, acetaminophen for fever, antiviral medications (e.g., acyclovir) for severe cases",Viral infection
Measels,A viral infection causing a red rash and flu-like symptoms.,"High fever, cough, runny nose, red eyes, red blotchy rash",Measles virus (paramyxovirus),"Vaccination (MMR), avoid contact with infected individuals","Acetaminophen for fever, vitamin A supplements, hydration",Viral infection
Mumps,"A viral infection affecting the salivary glands, causing swelling.","Swollen salivary glands, fever, headache, fatigue, muscle aches",Mumps virus (paramyxovirus),"Vaccination (MMR), avoid contact with infected individuals","Acetaminophen or ibuprofen for pain and fever, cold compresses, hydration",Viral infection
Rubella,A contagious viral disease causing a red rash.,"Low-grade fever, rash, swollen lymph nodes, joint pain",Rubella virus (togavirus),"Vaccination (MMR), avoid contact with infected individuals","Acetaminophen for fever and pain, rest, hydration",Viral infection
Scarlet Fever,A bacterial illness causing a high fever and rash.,"High fever, sore throat, red rash (feels like sandpaper), strawberry tongue",Bacterial infection (Group A Streptococcus),"Proper hygiene (e.g., handwashing), avoid contact with infected individuals","Antibiotics (e.g., penicillin, amoxicillin), acetaminophen for fever",Bacterial infection
"Hand, Foot, and Mouth Diseases","A viral infection causing fever, sore throat, and a rash on the hands, feet, and mouth.","Fever, sore throat, painful sores in the mouth, rash on the hands and feet, loss of appetite, irritability in infants and toddlers","Viral infection, most commonly caused by coxsackievirus A16; spreads through close personal contact, respiratory droplets, and contaminated surfaces","Wash hands frequently, disinfect surfaces and objects, avoid close contact with infected individuals, and keep children at home when they are ill","No specific antiviral treatment; management focuses on relieving symptoms; pain relievers (e.g., acetaminophen), mouth rinses for sores, hydration to prevent dehydration, and soft foods to ease eating discomfort",Viral infection
Mononucleosis,A viral infection often known as the kissing disease.,"Fatigue, fever, sore throat, swollen lymph nodes, swollen spleen","Epstein-Barr virus (EBV), spread through saliva","Avoid sharing utensils or drinks, practice good hygiene","Rest, hydration, acetaminophen or ibuprofen for pain and fever, corticosteroids in severe cases",Viral infection
Chlamydia,A sexually transmitted infection caused by bacteria.,"Painful urination, abnormal vaginal or penile discharge, pain during intercourse, pelvic pain","Bacterial infection (Chlamydia trachomatis), spread through sexual contact","Use condoms during intercourse, get regular STD screenings","Antibiotics (e.g., azithromycin, doxycycline), partner treatment",Bacterial infection
Gonorrhea,A bacterial sexually transmitted infection affecting the genitals.,"Painful urination, abnormal discharge from genitals, pain during intercourse, pelvic pain","Bacterial infection (Neisseria gonorrhoeae), spread through sexual contact","Use condoms during intercourse, get regular STD screenings","Antibiotics (e.g., ceftriaxone, azithromycin), partner treatment",Bacterial infection
Herpes,A viral sexually transmitted infection causing blisters.,"Painful blisters or sores around the mouth or genitals, fever, body aches, swollen lymph nodes","Herpes simplex virus (HSV-1 and HSV-2), spread through direct contact with infected areas","Use condoms during intercourse, avoid direct contact with sores, get regular STD screenings","Antiviral medications (e.g., acyclovir, valacyclovir), pain relief",Viral infection
Human Papillomavirus,A common sexually transmitted infection caused by human papillomavirus.,"Genital warts, abnormal Pap smear results, possible progression to cervical cancer","Human papillomavirus (HPV), spread through sexual contact","HPV vaccination, use condoms during intercourse, get regular Pap smears","No treatment for the virus itself (warts may be treated with topical solutions), vaccination for prevention",Viral infection
Iron Deficiency,"A condition where there is a lack of iron in the body, causing fatigue.","Fatigue, weakness, pale skin, shortness of breath, dizziness","Lack of dietary iron, blood loss, pregnancy, inability to absorb iron","Eat iron-rich foods (e.g., red meat, spinach), take iron supplements, manage blood loss, avoid tea/coffee with meals","Iron supplements (ferrous sulfate), dietary changes, vitamin C supplements to aid absorption",Nutritional disorder
Varicose Veins,"Enlarged veins in the legs, causing pain and discomfort.","Bulging, twisted veins (usually in the legs), leg pain, swelling, heaviness","Genetic factors, prolonged standing or sitting, obesity, pregnancy","Regular exercise, avoid prolonged sitting or standing, elevate legs, wear compression stockings","Compression stockings, lifestyle changes (exercise, weight loss), laser therapy or sclerotherapy for severe cases",Vascular disorder
Thrombophlebitis,"Inflammation of a vein, often in the legs, sometimes with a blood clot.","Pain, swelling, redness along a vein, warmth in the affected area","Blood clotting in the veins (usually in the legs), prolonged inactivity, injury to the vein, varicose veins","Avoid prolonged inactivity, stay hydrated, avoid injury to the veins, wear compression stockings","Blood thinners (anticoagulants), compression stockings, elevation of the legs, lifestyle changes",Vascular disorder
Dehydration,A condition where the body loses more fluids than it takes in.,"Dry mouth, dark urine, dizziness, fatigue, confusion","Lack of fluid intake, excessive sweating, diarrhea or vomiting, heat exposure","Drink plenty of fluids, avoid excessive heat, replace fluids lost during exercise","Oral rehydration solutions, intravenous fluids (in severe cases), rest",Metabolic disorder
Heat Exhaustion,A heat-related illness causing heavy sweating and weakness.,"Heavy sweating, weakness, dizziness, headache, nausea, fainting","Prolonged exposure to high temperatures, dehydration, vigorous physical activity","Stay hydrated, avoid prolonged exposure to high temperatures, take frequent breaks in cool areas","Rest in a cool place, hydration (oral or IV), cooling measures (e.g., cold compresses)",Environmental condition
Motion Sickness,Nausea or vomiting caused by motion.,"Nausea, dizziness, sweating, vomiting, headache","Movement (e.g., car, boat, or plane travel), conflicting signals between the inner ear and the brain","Sit in a stable seat (e.g., front of the car, middle of the boat), focus on the horizon, use acupressure bands","Anti-nausea medications (e.g., dimenhydrinate, meclizine), ginger supplements",Neurological disorder
Jet Lag,A temporary sleep disorder following long flights.,"Fatigue, insomnia, difficulty concentrating, mood changes",Disruption of the body's circadian rhythm due to long-distance travel across multiple time zones,"Gradually adjust to the new time zone before travel, stay hydrated, avoid caffeine and alcohol","Sleep aids (e.g., melatonin), adjusting sleep schedule, exposure to natural light",Sleep disorder
Hyperhidrosis(Excessive Sweating),Excessive sweating often due to overactive sweat glands.,"Excessive sweating (especially of the hands, feet, and underarms), damp skin, body odor","Overactive sweat glands, nervous system response to heat, stress, or exercise","Wear breathable clothing, use antiperspirants, avoid stress triggers","Antiperspirants, iontophoresis, botulinum toxin injections (Botox), prescription medications (e.g., anticholinergics)",Neurological disorder
Tetanus,A serious bacterial infection causing muscle stiffness and spasms.,"Muscle stiffness and spasms, difficulty swallowing, seizures, fever, high blood pressure",Bacterial infection (Clostridium tetani) through wounds or cuts,"Vaccination (DTaP, Tdap), proper wound care","Antitoxin (tetanus immune globulin), antibiotics (e.g., metronidazole), wound care",Infection
Tuberculosis,A bacterial infection affecting the lungs and respiratory system.,"Cough (lasting 3+ weeks), chest pain, coughing up blood, fatigue, weight loss, night sweats","Bacterial infection (Mycobacterium tuberculosis), spread through the air (coughing, sneezing)","Vaccination (BCG), avoid close contact with infected individuals, maintain good hygiene","Antibiotics like rifampicin, isoniazid, ethambutol, and pyrazinamide",Infection
